,name,description,language,bytes,created_at
0,noproject,Fake entry to indicate a previously existing but currently absent repo,,,
1,ruote-kit,RESTful wrapper for ruote workflow engine,ruby,108686.0,2015-11-05 01:15:59
2,ruote-kit,RESTful wrapper for ruote workflow engine,javascript,45415.0,2015-11-05 01:15:59
3,ruote-kit,RESTful wrapper for ruote workflow engine,ruby,108686.0,2016-03-05 12:23:34
4,ruote-kit,RESTful wrapper for ruote workflow engine,javascript,45415.0,2016-03-05 12:23:34
5,ruote-kit,RESTful wrapper for ruote workflow engine,ruby,108686.0,2016-10-11 14:11:32
6,ruote-kit,RESTful wrapper for ruote workflow engine,javascript,45415.0,2016-10-11 14:11:32
7,ruote-kit,RESTish wrapper for ruote workflow engine,ruby,110925.0,2015-10-27 09:43:21
8,ruote-kit,RESTish wrapper for ruote workflow engine,javascript,2196.0,2015-10-27 09:43:21
9,ruote-kit,RESTish wrapper for ruote workflow engine,ruby,110925.0,2016-02-24 07:33:16
10,ruote-kit,RESTish wrapper for ruote workflow engine,javascript,2196.0,2016-02-24 07:33:16
11,ruote-kit,RESTish wrapper for ruote workflow engine,ruby,110925.0,2016-10-11 14:11:27
12,ruote-kit,RESTish wrapper for ruote workflow engine,javascript,2196.0,2016-10-11 14:11:27
13,basemap,,c++,4398590.0,2015-10-29 14:50:46
14,basemap,,c,732941.0,2015-10-29 14:50:46
15,basemap,,python,500272.0,2015-10-29 14:50:46
16,basemap,,shell,336359.0,2015-10-29 14:50:46
17,basemap,,ruby,124452.0,2015-10-29 14:50:46
18,basemap,,php,79087.0,2015-10-29 14:50:46
19,basemap,,cmake,42712.0,2015-10-29 14:50:46
20,basemap,,makefile,796.0,2015-10-29 14:50:46
21,basemap,,batchfile,470.0,2015-10-29 14:50:46
22,basemap,,c++,4392807.0,2016-02-27 10:44:13
23,basemap,,python,401376.0,2016-02-27 10:44:13
24,basemap,,shell,336359.0,2016-02-27 10:44:13
25,basemap,,ruby,124452.0,2016-02-27 10:44:13
26,basemap,,c,120158.0,2016-02-27 10:44:13
27,basemap,,php,79087.0,2016-02-27 10:44:13
28,basemap,,cmake,42712.0,2016-02-27 10:44:13
29,basemap,,makefile,796.0,2016-02-27 10:44:13
30,basemap,,batchfile,470.0,2016-02-27 10:44:13
31,basemap,,c++,4392807.0,2016-10-11 14:11:27
32,basemap,,makefile,2182317.0,2016-10-11 14:11:27
33,basemap,,python,405625.0,2016-10-11 14:11:27
34,basemap,,shell,336273.0,2016-10-11 14:11:27
35,basemap,,ruby,124452.0,2016-10-11 14:11:27
36,basemap,,c,120158.0,2016-10-11 14:11:27
37,basemap,,php,79087.0,2016-10-11 14:11:27
38,basemap,,cmake,42712.0,2016-10-11 14:11:27
39,basemap,,m4,23773.0,2016-10-11 14:11:27
40,basemap,,batchfile,470.0,2016-10-11 14:11:27
41,basemap,,,,
42,cocos2d-x,Port of cocos2d-iphone in C++,c,24018256.0,2015-10-22 17:36:58
43,cocos2d-x,Port of cocos2d-iphone in C++,c++,7745754.0,2015-10-22 17:36:58
44,cocos2d-x,Port of cocos2d-iphone in C++,objective-c,1059036.0,2015-10-22 17:36:58
45,cocos2d-x,Port of cocos2d-iphone in C++,python,169419.0,2015-10-22 17:36:58
46,cocos2d-x,Port of cocos2d-iphone in C++,javascript,134628.0,2015-10-22 17:36:58
47,cocos2d-x,Port of cocos2d-iphone in C++,java,114091.0,2015-10-22 17:36:58
48,cocos2d-x,Port of cocos2d-iphone in C++,ruby,100803.0,2015-10-22 17:36:58
49,cocos2d-x,Port of cocos2d-iphone in C++,shell,34439.0,2015-10-22 17:36:58
50,cocos2d-x,Port of cocos2d-iphone in C++,lua,21312.0,2015-10-22 17:36:58
51,cocos2d-x,Port of cocos2d-iphone in C++,perl,9341.0,2015-10-22 17:36:58
52,cocos2d-x,Port of cocos2d-iphone in C++,visual basic,2912.0,2015-10-22 17:36:58
53,cocos2d-x,Port of cocos2d-iphone in C++,c,24018256.0,2016-02-16 23:56:14
54,cocos2d-x,Port of cocos2d-iphone in C++,c++,7745754.0,2016-02-16 23:56:14
55,cocos2d-x,Port of cocos2d-iphone in C++,objective-c,1059036.0,2016-02-16 23:56:14
56,cocos2d-x,Port of cocos2d-iphone in C++,python,169419.0,2016-02-16 23:56:14
57,cocos2d-x,Port of cocos2d-iphone in C++,javascript,134628.0,2016-02-16 23:56:14
58,cocos2d-x,Port of cocos2d-iphone in C++,java,114091.0,2016-02-16 23:56:14
59,cocos2d-x,Port of cocos2d-iphone in C++,ruby,100803.0,2016-02-16 23:56:14
60,cocos2d-x,Port of cocos2d-iphone in C++,shell,34439.0,2016-02-16 23:56:14
61,cocos2d-x,Port of cocos2d-iphone in C++,lua,21312.0,2016-02-16 23:56:14
62,cocos2d-x,Port of cocos2d-iphone in C++,perl,9341.0,2016-02-16 23:56:14
63,cocos2d-x,Port of cocos2d-iphone in C++,visual basic,2912.0,2016-02-16 23:56:14
64,cocos2d-x,Port of cocos2d-iphone in C++,c,24018256.0,2016-10-11 14:20:27
65,cocos2d-x,Port of cocos2d-iphone in C++,c++,7745754.0,2016-10-11 14:20:27
66,cocos2d-x,Port of cocos2d-iphone in C++,objective-c,1059036.0,2016-10-11 14:20:27
67,cocos2d-x,Port of cocos2d-iphone in C++,python,169419.0,2016-10-11 14:20:27
68,cocos2d-x,Port of cocos2d-iphone in C++,javascript,134628.0,2016-10-11 14:20:27
69,cocos2d-x,Port of cocos2d-iphone in C++,java,114091.0,2016-10-11 14:20:27
70,cocos2d-x,Port of cocos2d-iphone in C++,ruby,100803.0,2016-10-11 14:20:27
71,cocos2d-x,Port of cocos2d-iphone in C++,shell,34439.0,2016-10-11 14:20:27
72,cocos2d-x,Port of cocos2d-iphone in C++,lua,21312.0,2016-10-11 14:20:27
73,cocos2d-x,Port of cocos2d-iphone in C++,perl,9341.0,2016-10-11 14:20:27
74,cocos2d-x,Port of cocos2d-iphone in C++,visual basic,2912.0,2016-10-11 14:20:27
75,cocos2d-x,cocos2d-x for C++,c++,29853038.0,2015-10-18 08:40:42
76,cocos2d-x,cocos2d-x for C++,lua,3456106.0,2015-10-18 08:40:42
77,cocos2d-x,cocos2d-x for C++,javascript,3356313.0,2015-10-18 08:40:42
78,cocos2d-x,cocos2d-x for C++,c,1147818.0,2015-10-18 08:40:42
79,cocos2d-x,cocos2d-x for C++,objective-c++,508405.0,2015-10-18 08:40:42
80,cocos2d-x,cocos2d-x for C++,objective-c,467663.0,2015-10-18 08:40:42
81,cocos2d-x,cocos2d-x for C++,java,347870.0,2015-10-18 08:40:42
82,cocos2d-x,cocos2d-x for C++,cmake,276952.0,2015-10-18 08:40:42
83,cocos2d-x,cocos2d-x for C++,makefile,88390.0,2015-10-18 08:40:42
84,cocos2d-x,cocos2d-x for C++,glsl,74237.0,2015-10-18 08:40:42
85,cocos2d-x,cocos2d-x for C++,python,48851.0,2015-10-18 08:40:42
86,cocos2d-x,cocos2d-x for C++,shell,7576.0,2015-10-18 08:40:42
87,cocos2d-x,cocos2d-x for C++,html,7005.0,2015-10-18 08:40:42
88,cocos2d-x,cocos2d-x for C++,batchfile,120.0,2015-10-18 08:40:42
89,cocos2d-x,cocos2d-x for C++,c++,29696029.0,2016-02-11 05:16:59
90,cocos2d-x,cocos2d-x for C++,javascript,3720484.0,2016-02-11 05:16:59
91,cocos2d-x,cocos2d-x for C++,lua,3485290.0,2016-02-11 05:16:59
92,cocos2d-x,cocos2d-x for C++,c,1149345.0,2016-02-11 05:16:59
93,cocos2d-x,cocos2d-x for C++,objective-c++,523421.0,2016-02-11 05:16:59
94,cocos2d-x,cocos2d-x for C++,objective-c,477720.0,2016-02-11 05:16:59
95,cocos2d-x,cocos2d-x for C++,java,363968.0,2016-02-11 05:16:59
96,cocos2d-x,cocos2d-x for C++,cmake,280201.0,2016-02-11 05:16:59
97,cocos2d-x,cocos2d-x for C++,makefile,90595.0,2016-02-11 05:16:59
98,cocos2d-x,cocos2d-x for C++,glsl,78253.0,2016-02-11 05:16:59
99,cocos2d-x,cocos2d-x for C++,python,49908.0,2016-02-11 05:16:59
